{
  "features": [
    "event_count_7d",
    "event_count_14d",
    "event_count_30d",
    "device_event_mean",
    "device_event_std",
    "center_event_mean",
    "center_event_std",
    "age_60plus_count",
    "age_0_17_count",
    "total_population",
    "mobile_camp_events",
    "processing_time_median",
    "processing_time_p95",
    "repeat_update_count",
    "total_events_7d",
    "total_events_14d",
    "total_events_30d",
    "rejected_rate_30d",
    "biometric_fail_rate_30d",
    "device_burstiness",
    "center_burstiness",
    "pct_elderly",
    "pct_children",
    "mobile_camp_coverage",
    "processing_time_anomaly",
    "repeat_update_rate"
  ],
  "feature_importance": {
    "event_count_7d": 0.0,
    "event_count_14d": 0.0,
    "event_count_30d": 0.0,
    "device_event_mean": 0.0,
    "device_event_std": 0.0,
    "center_event_mean": 0.0,
    "center_event_std": 0.0,
    "age_60plus_count": 0.0,
    "age_0_17_count": 0.0,
    "total_population": 0.0,
    "mobile_camp_events": 0.0,
    "processing_time_median": 0.0,
    "processing_time_p95": 0.0,
    "repeat_update_count": 0.0,
    "total_events_7d": 0.0,
    "total_events_14d": 0.0,
    "total_events_30d": 0.0,
    "rejected_rate_30d": 0.0,
    "biometric_fail_rate_30d": 0.0,
    "device_burstiness": 0.0,
    "center_burstiness": 0.0,
    "pct_elderly": 0.0,
    "pct_children": 0.0,
    "mobile_camp_coverage": 0.0,
    "processing_time_anomaly": 0.0,
    "repeat_update_rate": 0.0
  },
  "label_rule": "rejected_count_60d >= 3 OR (biometric_fail_count_60d >= 2 AND success_count_90d <= 100)",
  "trained_date": "2026-01-19T20:35:56.640847",
  "model_type": "LightGBM",
  "positive_rate": 1.0
}